username,userid
はぴだんぶい【公式】,hapidanbui
長濱ねる&STAFF,neru_and_staff
櫻井なぎ,sakunagi_life
二葉エマ,futaba_ema_LIFE
川村虹花,NanakaKawamura3
オトナのサマーキャンペーン2020,summercp2
のだめ,sayaka_noda
古川優香,FURUKAWAYUKA_
夕美しおん,__SHl0N
水上凜巳花,Rimika333_hkt
大原優乃,Yuno__official
𝙄𝙇𝙇𝙉𝙀𝙎𝙎,iLLNESSDEAD
新チトセ,Chitose_shin
うららか麗(うらら)　av女優,urara_uraraka_
ラーメン二郎川越店,kwge26
茉夏,manatsukin
𝗕𝗟𝗔𝗖𝗞 𝗕𝗥𝗔𝗜𝗡 𝗖𝗹𝗼𝘁𝗵𝗶𝗻𝗴,BLACKxBRAIN
KAI-YOU,KAI_YOU_ed
ゆーりまん深田結梨 Official,yuuriman_
EROSTIKA™®,EROSTIKA_info
LARME,larmemagazine
多屋来夢,raimu_taya
佐野夏水,natsunomizu
ENGINE,ENGINEssdt26
しずる村上純,shizzlemurakami
十味(とーみ),toomi_nico
Parlor Vinefru 銀座,vinefru1
ムロツヨシ,murotsuyoshi
石原　希望(いしはら のぞみ),Nozomi_Ishihara
志木あかね(まよ),shikiakane_life
CLAY,CLAY_GAMES_CH
ラーメン二郎仙川店,senjiro26
ラーメン二郎　立川店,JiroTkw
サイコタラオライミ,After100days
ラーメン二郎品川店,shinagawa26
『公式』王に俺はなる,wagayabou
ろん @ ,rongdayo888
【大喜利】IPPONグランプリ,T_IPPONGP
猫梓子,maozi_zi
土井善晴の和食アプリ,Doi_Washoku
詩音乃らん,shiono_ran_Life
内田　健市,saga_ichigen
ご飯と癒やしと美容が欲しすぎる,gurumebuzznews
ラーメン二郎環七一之江店,39VRRQuEU1EDI0R
ラーメン二郎前橋千代田町店,SnBZt6eRCdz7lQw
ラーメン二郎 上野毛店,KaminogeJiro
ラーメン二郎 府中店,jiro_fuchu
ラーメン二郎湘南藤沢店,fujiro_2430
ラーメン二郎会津若松駅前店,aizu_jiro
ラーメン二郎 松戸駅前店 Ⅲ 🅙,matsudojiro3
ラーメン二郎 神田神保町店,jbc_jimbolian
ラーメン二郎　ひばりヶ丘駅前店,Aarf0xvdBXkWd7o
ラーメン二郎茨城守谷店,genkimoriya
ラーメン二郎相模大野店（スモジ）,sumo_jiro
ラーメン二郎環七一之江店,ichinoejiro
ラーメン二郎小岩店,koiwajiro
ラーメン二郎越谷店,ksgy26
ラーメン二郎桜台駅前店,sakuradaiekimae
ラーメン二郎京成大久保店,OKB26
ラーメン二郎大宮公園駅前店,omiyapark26
ルージュフィルム,rougefilm
Love Me Do（ラブ八先生）,lovemedo_uranai
山岸逢花,aikayamagishi
牧野紗弓,sayumi_0220
広瀬りおな,hiroseriona
AV広報【こりん】,kouhou_korin
週刊アサヒ芸能＆アサ芸シークレット（公式）,AGeinou
長州力,rikichannel1203
ちん,ching_came
池田ショコラ,chocolat_i
FANZA総合,fanza_sns
桃乃木かな,kanaMomonogiR18
ラーメン二郎 千葉店,jiro_chiba
TokyoShaveIce ネコゴオリ,Tokyonecogoori
きよぞう,kiyozokiyozo
マスカット,mascut_dqx
バブリーナ,BUBREENA
conix,coni_x
HOTEL LOVERS(ホテラバ)福岡パルコ店,hotellovers_tjc
かき氷喫茶 バンパク,banpaku2015
YUUKI MIYAKE MI8k,napoliemon
むにぐるめ【関東】,kantou_zeppin
グルメバカ@ごろり,ina_kou
めいちゃん（最強）,meynico
肉チョモランマ,NIKU_CHOMO
帅嘤嘤,komoshuai
博 8/19 明日ちゃん7巻,siiteiebahiro
花音うらら,kanon_ura2_life
サーシャ,rayblos
クラフトカフェ,musashinocraft
浅倉真凛,asakuramarin
吉岡ひより,yoshiokahiyorin
やもはちこ,yamo8cos
yami,chanbaekkailu1
ひなた,imomuhi_HINATA
岬ななみ(misaki nanami),m_nanami_m
自家製麺 麺や 六等星@稲田堤,menya6tousei
山田拓美 喜寿の祝い2/15,golden_tenho
加美杏奈,kamianna_
KEN蔵,pon10su777
土井善晴,doiyoshiharu
石原める,meruishihara
短足猫との日常,ratesan9_29
伊原 佳奈美(Fragrant Drive),kanami_LTG
吉井美優（26時のマスカレイド）,nijimasu_miyu
辰巳シーナ,tatumi_shina
小川浩之,ogawa1968
奏音かのん／kanon kanade_♡,kanade_cmore
TBSラジオFine!!,tbs_fine
ギズモさん,gizmo_neko
初美沙希@さきっぽ,hatsumi_saki
ラーメン二郎 京都店,jiro_kyoto
チョコチップクッキー小麦肌,sellmax96
もなみ鈴(もなみすず),monamisuzu_life
S!N,SiNxxx526
OooDa (岡上 哲也),OooDa
SHAKA a.k.a. 釈迦,avashaka
わーすたスタッフ,tws_staff
新名あみん,nina_amin_
ナツ美,onakasuita0430
小野美公,mikuhead
..,skg8sk9fao3
小鳥みやび,toritori_miyabi
ピエール中野 凛として時雨 from 埼玉150周年,Pinakano
リュウジ@料理のおにいさんバズレシピ,ore825
TAKU Tanaka,TAKUTanaka1
キャプテン・ファルコン,falcon_lunch
道重さゆみ,tubuyakisayumin
ひなた まりん ,hinata_marin_
K,rukas29
松本リサ,DMM_Risa
冨田エリカ (とみたえりか),tomita_erika
DMMスクラッチ,dmm_scratch
上原亜衣⭐︎ミスiD2021エントリー中,ai_uehara_ex
明望萌衣 ❤︎ Harumi Mei♡,Harum1_Mei
マネージャー、まっは,mahha_LifePro
美谷 朱里@ AV女優,akari_mitani17
坂道みる︎︎♡⃛,sakamichi_miru
井沼宏統,inumahironori
佐藤佑一/Photographer,giraffe121
たなかちょー@鈴鹿のWキングが楽しい,suzukin_ten
キコーナ吹田,kicona_suita
キング観光サウザンド生桑店,king_ikuwa
三年食太郎(しょくたろう),3_syouktaro
長瀬 夏帆,ub_nagase
富田優衣,tomitayui1
みなみかわ,p_minamikawa
ムートン伊藤,itou197775
月ノ美兎,MitoTsukino
THE 873 WORKS,the873works
松竹超学園,SHOCHIKU_PR
真夜中の運動会staff,mayonakamuscats
ジェル@すとぷり,Jel__official
葉月つばさ,KDM_N_LIVE
七海ティナ,tinaaaaa1208
なちさんさん。'20 🅙,nachi_san77
ラーメン二郎PC店2,ramen_jiroPC2
根尾あかり,AkariNeo
河口 夏音,kawaguchi_natsu
鈴木 瞳美,suzuki_hitomi_
吉田明加,Chu_Z24miku
加奈(Chu-Z),Chu_Z_pyon
しゃかりき 光,SHAKARIKIbouzu
J社長,epoint__
矢作萌夏写真集「自分図鑑」8月7日発売【公式】,moeka_1st
ねぎかつセブン,Negikatsu7
矢作萌夏,moeka__yahagi
らすかる,rashukaru7
鳴見なる,naruminaru3
桃乃木かなマネージャー,momonogikana_mg
浅草 花月堂,kagetudou_meron
モリカノン(常に怪我人),mkanon211
西宮ゆめ,_nishimiyayume
HOMINIS（ホミニス）,HOMINIS_edit
ザテレビジョン,thetvjp
福田 展大,fuquda
ジロリアン陸,jirolianriku
『約束のネバーランド』公式,yakuneba_staff
楓カレン,KarenKaede_
深田えいみ,FUKADA0318
宮下遊,miy_yuu
アズマリムちゃん,azuma_lim
佐々木詩織,ily_potatochan
ギュウゾウ／電撃ネットワーク／ギュウ農,gyuzo_rock
CHIMACHODORU,CHIMACHODORU1
安市太平店,yasuichitaihei
ウ・キリュウ(우기룡),wookiryu
绯缨白＆绯桜白,feiyingbai76
鈴木みのり official,minoringo_staff
JUNNA,junnarockyou
「マクロス」公式アカウント,macrossD
田中ヒメ(ヒメヒナ),HimeTanaka_HH
鈴木ヒナ(ヒメヒナ),HinaSuzuki_HH
『龍が如く ONLINE』公式アカウント,RyuOnline_PR
仮面女子:公式ツイッター,AliceProject_mb
藤井マリー,fujimary_6
奈良 歩実,ayumi471
小林ひろみ@ヤンコバ 恵比寿マスカッツ,hiromikoba0312
使用されていません。,Hinana0916
友田彩也香,tomodaayaka
松本ゆん　恵比寿マスカッツ,m_y0729
山中真由美,yamamayu0302
すみれ,su_principal
如月さや☆Saya Kisaragi,saya_0415
おゆか【白藤有華】恵比寿マスカッツ,yuka_shirafuji
架乃ゆら,kano_yura
宮村ななこ,nanacohentai
ＡＮＡ運航の見通し情報,ANA_flight_info
純情のアフィリア,AfiliaSaga
優希クロエ 【Chloe Yuki 】,Chloe_J_Afilia
エイトマン,eightman_8man
井田将勝（一軒家将勝）,masakatsuida
真咲南朋♡AV監督♡10月10日イベント,nannannantomo
炎の男,shanemisan
まいてぃ,maity_0917
矢吹奈子,nako_yabuki_75
唯井まひろ,tadai_mahiro
村瀬 紗英,murasesae_0330
Retty〜グルメの実名口コミNo.1〜,Retty_jp
LUCKY STAR,idea_2525tamara
安達祐実,_yumi_adachi
ウイニングハンド【公式】,wh_dmm
松本人志プレゼンツ「ドキュメンタル」公式,DocumentalJP
指原 莉乃,345__chan
安田大サーカス クロちゃん,kurochan96wawa
米津玄師　ハチ,hachi_08
岡崎体育,okazaki_taiiku
しゃぶしゃぶ温野菜,On_Yasai
沢辺りおん(りおち),RionSawabe_
ガチパチTV【公式】,gatipati7000
鬼山瑞樹✸イヤキミ❻巻8/6発売✸,oniyama_1010
七瀬ぶん,nanase_ven
エンターテイメントオメガ上賀茂店,kamigamoomega
オメガ草津店,E_omega932
ポコ美,pokopokon0430
白河 雪菜,yukina456
魚拓とシックスハンターDX～メガセクシーバトル～【公式】,GYTKtSHDX
L'wis ルイス 代表 朝長祐介,snowdrop4687
ほうせき箱　9/1より試験的に整理券制やめてます,housekibaco
西野七瀬フォトブック『わたしのこと』公式,nanase_1st
松本菜奈実,7mi_m
桃月なしこ,nashiko_cos
美咲かんな,kanna_misaki
モチミク(イタチとワン),guunondai
河合あすな,kawai_asuna
HASEO@闇の王2020前に、脚を負傷。松葉杖中。。。,haseo0409
輝夜 月 ,_KaguyaLuna
フォーティーフォーマネジメント（公式）,ffgh44g
貴方野チェロス,cheross_anatano
がくや,gakuyanews
主水(もんど)★ラグドール,mondoragdoll
"藤川菜緒(￣･ω･￣)9/28,29浅草ロック座メイドバー1日店長",Nao_Fujikawa
白木優子@AV女優,shiraki_yuuko
なす,okakugo15
きゃりーぱみゅぱみゅ,pamyurin
安藤 咲桜,sakura_ando_323
栗山夢衣の初体験ラジオ「ちょ〜ふあんです。」公式,chofuandesu
じーま。,zima0424w
木村魚拓,kimuragyotakuG
キング観光　松阪店,king_matsusaka
森みはる(26時のマスカレイド),nijimasu_paru
キング観光サウザンド鈴鹿店,king_suzuka
キング/サウザンド津店,tsukin777
秋葉原ZEST,akihabarazest
BUBBLES TOKYO,bubblestokyo
Rum official,Rum__official
橘 メアリー (橘瑪麗),mary_tachibana
カラコン♡ホテルラバーズ（ホテラバ）,hotelloversjp
むにぐるめ（唯一無二の絶品グルメ）,muni_gurume
安定感@池村好美,Yoshimi_Ike
ゆっきぃ,yukkeyz
ポン@3/20アニソンウンドウスピンオフ出演,pon_N_H
灯鴉@不要不急のおじさん,touka_Lv4
佐藤大輔@龍が如くスタジオ,satod_cs1
わいわい(32),ABCDYY
hacchi,hacchi_nico
shu3,shu33333
レインボーチャンネル【公式】,rainbow_ch944
어와나엔터 AWANA Ent.,awanaent
山内菜緒,naonao0528
ロック＠AP総研 広報部っぽい,apsouken
キング観光,kingkanko
Rio,rio_lv_vly
小倉由菜/yuna ogura,ogu_yuna
駒沢浩人 / koma'n,komankoman
桜もこ,moko_sakura3
ＥＡ ＥＲＡＮ 英亜 英蘭,ea_eran
Shotaro Kaizuka,shotarock_p
龍が如くスタジオ 公式,ryugagotoku
松村沙友理1st写真集【公式】,sayuringo_pb
Fukase(SEKAINOOWARI),fromsekaowa
桐谷まつり(おふぇす)▶︎スプラトゥーナー,matsuri_kiri
桃乃木お気に入り用,momonogifavo
阿部乃みく@クラウドファンディング,abenomiku
芝麻TOKA,Toka_030
みひろ,mihiro0519
かさいあみ,andu072
SAKITAN＠活動休止中,yukityan129
バイきんぐ小峠,viking_kotouge
てる☆,teruster
パラダイスＢＯＸ菅原,CamNaoya
プレイランドキャッスル ミスターＫ,atsuta1205
キャッスル熱田店@大仏がつぶやきます,castleatsuta
波多野結衣★,hatano_yui
ZERO飯塚店,qandachikushino
コストコ節子,ult_setsuko
SUSURU,susuru_tv
ʚメイリアɞstar trail ,MARiA_GRND
ナポリの男たち,napolimens
Makoto Kamijo / 上條 誠,makoto1239
伊福部崇（ハチミツとウインナー）,TakashiIfukube
SKY-HI（AAA日高光啓）,SkyHidaka
せらみかる,seramikarutitan
ニコラジ,nicoradi_info
池田めぐみ（TBSラジオFine‼︎9月26日最終回！）,megu5182
YUKI MEN's,DJYUKI2Draw
PRESTIGE（営業部）,PRE_E1
大森靖子,oomoriseiko
mayuco♤魔術師♤究極召喚,mayuco00
ま͙ゆ͙ろ͙ん͙໒꒱㋹㋜㋕Ⅳ,mayu_ronne
かえるちゃん ,0910kaeru
武井壮,sosotakei
トレンディエンジェル夢の国たかし。,peroperotakashi
ふるちぇ,STEAMBOY001
戸田ゆりあ＠たまーにA●女優,toda_yuria
桜空もも,sakumomo1203
明里つむぎ,akari_tsumugi
Pigooスタジオ,pigoostudio
石岡真衣,maiishioka
なべりょう⊿,naberyou_
LINX@AVプロダクション,LINX__official
ガチパチ応援団【公式】,ouendan777pati
渡部 雅己,fromsky13
RI♡,ripochan__
飛鳥りん,asukarin0108
デッカチャン,dekkachan2003
下北沢KILLERS,SMKTKILLERS
篠原冴美,shinoharasaemi
かすみりさ,risa_kasumi
蒼井そら(SOLA AOI),aoi_sola
西野翔＠国民の人妻,showtaro3
栗山夢衣,kuriyamamui
えん食べ,entabejp
食べログ/tabelog,tabelog
NANA (MAX),MAX_NANA_
じゃぱんぐ♪,japang_official
岩下 和了,shinshoga
MONDO TVアイドル【公式】モンド,mondotv_i
安藤亜美,aminsu1124
おにくちゃん,onikuchan2923
Atelier Lapinus,Atelier_Lapinus
戸田真琴staff,toda_makoto
つんつん,iwatakanaloa
桜代真名 Sayomana,manami_0331
Twitter Verified,verified
⊿⁴⁶,doiya111
Kawaiian TV【公式】,KawaiianTV
清水ひまわり@マジパン,HimaShimizu_Box
廣川 奈々聖（わーすた）,tws_nanase
生田みく,Miku_Ikuta
mayla_classic,mayla_classic
きりたにえん@きりちゃん,Kirichan_GAOGAO
フォトテクニックデジタル編集部,PHOTO_TECHNIC_D
イケパイ,pheropai
RISELark,riselark1204
L'wis  高橋和希,kazukichi1031
大村祐里子,Holy_Garden
柏木 純一 (デコリスタ),kashiwa_
福島裕二 YUJI FUKUSHIMA,f_yug_harvest
しげみ,m_____e_____g
佳苗るか,rukaKANAE
Tommy:YNM太郎,Ratrap_tommy
merry jenny,merry_jenny0825
lilLilly,_lilLilly_
mon Lily-モンリリィ-,mon_Lily_
Swankiss,Swankiss_JP
衛藤美彩写真集 話を聞こうか。【公式】,33misa_syd
ホイップ@ねこ休み展,HOIPPU_0722
坂口正一,sak7756
ふ う き,fukiphotography
Ｖ☆パラダイス,V_PARADISE
ぐんぐん,guntyann
マッチ,ttmatch
成瀬心美,coco3n
有花もえ,moe_arihana07
石垣智崇@ポテンシャル石垣,ishigakitomota
ねこじゃらし 谷坂,tanisaka19
ライター真貝聡,shinkai3
向井藍♠︎Ai Mukai,ai_mukaiAV
皆野あい@あいにゃん,sexyidol01
 七瀬みゆ⑅名クリ⑅3.24卒業,clears_miyu
タケモ卜⋈ ,cross_next
"BABU""鷲部",rush1827
かんと@ハルノコ,chan_man_tuna2
瀬乃ひなた♆AV女優,seno_hinata
繭,OfficialMayu
マルホン工業【公式】MARUHON,Maruhon777
すぎる,sugiru2
ジャック・オ・蘭たん,puchohenzaa
FANZAアダルトアワード,fanzaadultaward
2分20秒の恋人⊿坂道専用,VanHalen46
振付稼業air:man(新),furitsukekagyos
梅本ゆうこ（マンガ食堂）,pootan
わーすた☺︎坂元葉月,tws_hazuki
かわベーコン,kawabe_kon
ぼく◓イラストレシピ,boku_5656
イラスト情報bot,ilstx_bot
美青年画像bot,_tyuseibi
美少女で一息。。,ikemenbisyouzyo
@cosme公式（アットコスメ）,atcosmenet
杏耶@あや,ayatanponpon
ニッポン駅弁紀行,mori4141harueki
わたなべ麻衣,w_mai0923
野生のイグニス,ignis_oryouri
大和姫呂未～yamatohiromi～,HiroronYamato
emma.jasmine,emmajasmine6
甲斐田ゆき,KAIDA_YUKI
許斐剛,konomi_takeshi
【公式】齋藤飛鳥写真集【潮騒】,gentosha_asuka
らーめん＆かき氷  はいむる珈琲,haimuru2014
えなこ,enako_cos
平田敦子,hiraatsu
三品瑠香（わーすた）,tws_ruka
黒沢美怜,kurosawamirei
プロソフトクリーマー森川,softcream_world
麻美ゆま,asami_yuma
tomo3210,tomohiro3210
桃乃木かなさんの情報アカウント,No1Momonogi
スカパー! アダルト放送大賞【公式】,Adult_Awards
猫のぽんた「ニャアアアン！」広報部,nyaaaan_ponta
G PROJECT,Gproject_info
プレジャ秋葉原店,amp_akiba
analog.,analog_official
mell,moo_mell
AIKA本物,AIKA50
ヤス,yasu030444
紺野ひかる@人間国宝,konnohikaru
メシコレ by ぐるなび,mecicolle
ローソン,akiko_lawson
スターバックス コーヒー,Starbucks_J
セブン‐イレブン・ジャパン,711SEJ
ファミリーマート,famima_now
ミニストップ公式アカウント,ministop_fan
ラーメン二郎 中山駅前店,NKYMJIRO
ぽんちゃん,ponchan682
ISBIT DAIKANYAMA公式,ISBITDAIKANYAMA
ekzisto《エクジスト》池袋,bukuro_ekzisto
桃園みらい＠元ＡＶ女優,momozonomirai
Sunshine Ho,Sunshine_Ho
久米夏生,tabasa_uran
一劍浣春秋,chee828
こぼ (徳島の魔法使い),sudachi917
滑子原なめ子,cnnmjj
まゆり＆やよい＆あんず,mayuri150410
トニー大木@福の神,tony_ooki
キング千本店,SENBON_KING
るる&らら@ラグドール,110_neko
ラグドール　パパ,ZbNNsxWLXXxy5nb
おいもカフェ金糸雀,OimoCafeKanaria
今日は何の日？＊うだくま,kyouhanannohi_
高橋しょう子,TS_takasho
多屋来夢チャン応援アカウント,raimu_tv
リゾット@薄い本は固定ツイ山椒。,risotto2525
ワンプレート盛り付け まとめ,Oneplate_food
Tasty,tasty
kurashiru [クラシル],kurashiru0119
DELISH KITCHEN - デリッシュキッチン,DelishKitchentv
美味しい料理（動画付）,futefowahacu
超ヤバ★レシピ動画集,yabakei_recipe
おいしい料理レシピ,goodish001
おすすめレシピ＊グルメ記事紹介,best_recipe_jp
簡単料理レシピ集,kantanryouri
平野 もえ,hiranomoe08
ミオヤマザキ,mio_yamazaki
稲井大輝,mrtodai2014_04
ちょっぱぁ(かき氷専用垢),shavedicestitch
美咲由花,MISAKIYUKA717
相沢みなみ 最優秀女優賞受賞,minami_aizawa_
ぺろりん先生 (鹿目凛),peroperorinko01
JULIA♡,JULIA_Cmore
雇われ店長(未知書房清水),dx_hayaten
乃木坂動画速報,nogi_dou_soku
オルスタックソフト販売,orustaksoft
石津源治,ishidu_genji
REDYAZEL,RedyAzel
titty&Co.,tittyandco_
dazzlin,dazzlin_com
Lily Brown公式,_LilyBrown
ヴィエンナ,ViennaDoLL
ちぃぽぽ（吉木千沙都）,popochan318
柳内 良仁,yanai24yoshi
ハイダミオ,hyda_mio
松下 玲緒菜（まねきケチャ）,matsushitareona
ボークス スーパードルフィー 公式,volks_doll
志麻@浦島坂田船♔,shima_s2
＋α／あるふぁきゅん。,alfa10alfa
かんせるてゃん,kanzentaicell
いすぼくろ,isubokuro
yvesjubileeプライベートサロン,yvesjubilee
bobon21_japan,Bobon21_japan
まるぐり,marugurit
ラーメン二郎仙台店,jiro_sendai1023
NONSTYLE井上（ノンスタイル ）,inoueyusuke
わかる,wakarana_i
8.22.ジューシーハニー15thAnniversary発売,BEATBOP1971
絶対美味い食べ物bot,21bestmote
志田 友美,Yuumi_Shida
京佳,Kyouka_02
荻野可鈴,karin_ogino
中川美優(まねきケチャ),nakagawamiyuu
夢みるアドレセンス | カワイイの公式,Y_Adolescence
たこやきレインボー公式,taco_staff
馬場ふみか,fuuumika_b
大槻ひびき♡9/21渋谷MAGNET3階でイベント,hibiki0221
デカキン,dekakinb
ABEMA(アベマ)＠今日の番組表から,ABEMA
児玉菜々子,nanaco0403
欅坂46,keyakizaka46
廚菓子くろぎ,kuriya_kurogi
ラーメン二郎西台駅前店,jiro_nishidai
天木じゅん,jun_amaki
マッコイ斉藤,MACCOI_SAITO
瑠川リナ＊引退しました,rukawa_rina
ラーメン二郎 千住大橋駅前店,senjujirou26
LADYMADONNAレディマドンナ公式,LADYMADONNA0115
飯テロbot,meshiterobot
Mind,Mindxxxxx
【飯テロ】寿司テロ画像ぼっと,ilovesushi_bot
スイーツテロ,photo_sweets
フジオカ,fujioka_4160
アイエナジー10/11（日）真木今日子さん撮影会,ienergy_av
ケンコバのバコバコテレビ【公式】,bakobakotv
かき氷専門店あんどりゅ。総合案内,andoryu_kori
斎藤みらい,miraisaitou
30秒アニソン動画bot,Love_ani_Rank
今日もアニソン三昧☆★30秒動画,anisonn_zannmai
HIPPY,__HIPPY__
大和田 南那,Nana_Owada728
ラーメン二郎新小金井街道店,koganeijiro
ラーメン二郎横浜関内店,kannaijiro
ラーメン二郎亀戸店,jiro_kame
JUNICHI L42,jun1_1883
ラーメン二郎 環七新新代田店,26shinshindaita
どぶろっく森,doburockmori
ペルラヴィータ/シロッポ,marco_barbablu
ひびき玲音,cofixx
ダスッ！,Das_Dokubari
ＭＡＸ-Ａ後藤,maxgotoh
ゆうこす #ライブ配信の教科書 出版！,yukos_kawaii
せんばん,0040128
女二郎,onna_jiro
ＴＫＯ きのした,tkokinosita
ジャングルポケット おたけ,janpoke1202
ジャングルポケット太田,otajp
ジャングルポケット斉藤,chsaito
清水楓,shimizu_kaede
中谷伊織(IORI),nakatani_iori
ライターアケミン,AkeMin_desu
武藤つぐみ,tugumi_muto
桜井 彩♡A TOKYO,sakurai_aya_
地球のお魚ぽんちゃん@カテキョ電子1巻発売中,bakanoakachan
オラキオ,matsuyukiorakio
miyuu,Miyuu__1007__
MOODYZ【公式】,MOODYZ_official
CJ ジュートク,cj_jyutoku
ブックファン24郡山店 店長 ,alien318
大阪Loft PlusOne West,PLUSONEWEST
アイスマン福留,iceman_ax
市川美織,miorin_lemon212
kawaii*official,kawaii_pr
東京イセアクリニック（二重整形・美容全般・アートメイクほか）,ISEABeautyLab
みゆはん,bknb_mew
ジューシーハニー,juicy_honey
麻雅庵@あさがあん「アイコンはすみぺ」,an_asaga_otft
乃木坂46,nogizaka46
C CHANNEL 女子のための1分動画,CChannel_tv
-,920610_
【ハメカン】公式,HameKan_STAFF
美少女全鑑☆キャンパス編【美キャン】,Bishoujo_Zenkan
おれまも/パコドルスタッフ,oremamo_staff
GALギャング!!_公式,GalGyang
【公式】先生、学校でしようよ！【FANZA GAMES】,sengaku_staff
カリスマドクター 開発/運営,charisma_staff
羽咲みはる,usa_miharu
栄川乃亜,Noa_Eikawa
グルメ by モデルプレス,mdpr_gourmet
小柔SeeU,seeu_cosplay
ライフプロモーションヘアメイク等の人,lifeprohairmake
パラダイスＢＯＸ 仙台店,paradise_box
黒猫のメグロモグロ,megmogane
並木塔子@ラポルノリターン準備中,Toko_Namiki
GARDEN｜オレカノ,garden_AV
神田書店,kn_kanda
エキゾチックかまたに,xotickamatani
橋本ありな,Arinahashimoto1
加藤純一,unkochan1234567
さ〜た〜・T,tranquilo310jr
つづ井,wacchoichoi
鴻池　剛,TsuyoshiWood
いのうえひろし,HiroshiPiroshi
かなで自由✳︎9/18WAAPサイン会,miyu_kanade
玉城 ティナ TinaTamashiro,tina_tamashiro
ゆら,yurapk
書泉 アイドル情報【短縮営業中_11:00~20:00】,SHOSEN_BM_IDOL
初川みなみ,hatsukawa_mnm
油そば春日亭＠公式ツイッター,kasugatei
ほしなひろゆき,kevin4185
くにぼ～ん,dorijankunibonn
INTEC,intec_info
@ROOKIE_AV,ROOKIE_AV
もっちり君（羽生もっちり庵CEO）,hanyu_mocchiri
ﾒｶﾞﾃﾗ･ｾﾞﾛ,megater_0
撮影会・イベント開催のAMIGO(アミーゴ),Amigo_tweet
銀座のジンジャー本店,cep_GINZA
ティーハウスマユール宮崎台店,mayoortea
浦和 蔦,urawaivy
浅草浪花家,asakusananiwaya
渡辺直美,watanabe_naomi
ラーメン二郎メルマガ情報,jiro_mail
えい梨,kaorokuri
五月凛,satukirin_blog
阿佐ヶ谷姉妹 ワタナベエリコ,asagayanoane
かき氷マニア・すもも蜜,himitsumomo
yutori,creamcandy123
五木あきら,itsuki_akira
市川まさみ,ichikawa_masami
東風 克智（こち かつとも）ＡＶマイスター,butatongpoo
BeeHive公式アカウント,aquaveil888
塚本“JOE“旭,Strikes_Backer
橋本環奈,H_KANNA_0203
エンタちゃん,ent371
ソフネット本店,sofnethonten
的場 華鈴@虹のコンキスタドール,matoba_karin
綾波ゆめ,ayanamiyume
椎名そら,shiina_sora712
ラムタラメディアワールドアキバ2階,lammtarra_m_2F
買取りまっくすなんば公式,kaitorinamba
ナガマックス,nagamax
どどくん監督,dodokunjp
しばP,shibahiro0717
秋山祥子,shoko_a1122
ちぇる,xxxchelsyxxx
セバスチャン,hk_sebas
慈げんの業務連絡,JigenKumagaya
ねいろ屋 荻窪店,neiroya
ラーメン女子　森本聡子,majoooon
【移転】バンクス渋谷（東北cafe&dining トレジオンポートの中に移転）,banks_shibuya
Fzi@KOTODAMA(藤原隆之),fzi69
Tの人,t_t609
しもきた茶苑大山,shimokita_chaen
かき氷工房 雪菓@平日11時土日祝10時スタート,Atelier_Sekka
himitsudo,himitsuno132
プレジャ練馬店,am_nerima
KABO,kabo_jp
安田理央,rioysd
週刊FLASH編集部,weeklyflash
氷屋ぴぃす,kooriya_peace
REbecca,REbecca_web
雪うさぎ,yukiusagi246
ジーオーティー 出版事業部,g_gotbb
かき氷カフェバーyeloイエロ@六本木,yelojp
和キッチンかんな,kanna7121
エスワン【公式】,S1_No1_Style
ときわ書店 神栖店,tokiwa_2283
野猿のテツ,hashiriyatetsu
藤元どうが,GeorgeFujimoto
りんご飴専門店ポムダムールトーキョー,pomedamourtokyo
パラダイステレビ公式ツイッター ＃パラダイステレビ,ptv_official_
bit@,bit_cos
桃乃木ちゃんねる,momonogichannel
紋℃,monpower
HACHIKU,TomMarche
東幼書店 川口店,toyobooks
ズバ王編集部,Zuvaoh_got
元とんかつ屋(マスター),katsutei_misaki
今野杏南,konno_anna
三浦のハンバーグ 池袋店 since 2006,miurano_hbg_ike
ラーメン二郎アプリ店,JiroApp
飯村製作所店主,iimuradesu
アフラ@「悠久の旅人」,funtodrive912
kenn∴洋式 御安全に(*´-`)♪,Happykenn
T-∧∧ЁтÅ∠,T_metal73
ときわ書店 水戸R6号店 公式アカウント,tokiwa_3302
ダ ルチアーノ,dalucianogelato
栃木街道店,Tochigikaidoten
田中 英樹,mojabo8888
美酒乱3世_永遠のダイエッター7.0,bishuran3rd
人材派遣営業AJ,18kinaj
MG,yamaguchi_adult
跡美しゅり,atomi_shuri
weekly_SPA,weekly_SPA
三上悠亜,yua_mikami
GRAPHIS_inc,graphis_inc
買取りまっくす茨木店,kaitoriibaraki
野猿二郎,Jiro_Yaenkaido2
天海つばさ,Amamitsubasa000
Shibuya Kaho 澁谷果歩,Shibukaho
希美 まゆ,mayu_Nozomi
あきば書店岡崎北店,akibasyoten_OK
花咲いあん(はなさきいあん),hanasakiian
ドリームボーイ（セル店）,doribonet
宝島24松戸西口店@VR,24matudonisi
宝島24町田店,24machida
カーニバル２４田原本店,tawaramoto24
メディアジャック東浦店,spa83ee91
イベルト,evelt_official
片桐えりりか,eririka2012
初音みのり,hatsune_minori
月島ななこ（えりりか）@AV女優,tsukishima_775
森咲みちる,morisakimichiru
きみと歩実(紀見歩實),kimito_ayumi
希島あいり Airi Kijima ,airi_kijima
松岡ちな@引退,china_0416
希崎ジェシカ(きざき じぇしか),kizaki_jessica
未知書房太宰府インター店,MichiDazaifu
紗倉まな,sakuramanaTeee
よっちゃんた,_yoshikazu_
ラムタラグループ【公式R18】,lammtarratop
アダルト業界復帰しました@大阪,shin_2940
パラダイスBOX 利府店,paraborifu
宝島24町田南口,24machidaminami
Japan Adult Expo,JapanAdultExpo
関西トレンド書店,trend_kansai
M.S（仮）,lejustice0124
安市枚方店 スタッフのつぶやき☆,yasuichihiraka
大人のデパート エムズ,poplifems
じゃない,umeda_syobou
振付稼業air:man,furitsukekagyo
デラべっぴんR,dxbeppin_GOT
ラーメン二郎 情報 bot,jirolian
habomaijiro,habomaijiro
アロマ企画【公式】,aromaplanning
湘南宝書店尼崎店R18,takara_ama
ヨッシー（一応社長）,ichigenya777
信長書店　神戸伊川谷店公式ｔｗｉｔｔｅｒ,nobunaga_kobe
買取りまっくす西宮店@ マスク・ド・Ｍ,kaitorimaxn
たけちゃん@病気療養中,vidkid1557
信長書店 梅田東通店,0661308114
イエローサブマリン秋葉原本店★ミント　ホビーフロア,YS_G_MINT
FANZAアダルトオークション@出品者様募集中！,FANZA_ADULT_AUC
SamuraiELO編集部,SamuraiELO_mag
ピーターズＭＡＸ@営業部ツダッチ,petersmax
TM広報&営業,tm_eigyou
SOD_magazine,SOD_magazine
ラムタラ東久留米店(R18),lammhiga_adult
♡,kmckmcwww
希志あいの,kishi_aino
ナンバーワン西工大前店,no1nishikoudai
フォーティーフォー,madochi44
graphis_ltd,GRAPHIS_ltd
ブックマーケット昭島店,bookakishima
BSスカパー！桃色Y談 裏ンキングSHOW,momoirorank
大文字書店(R18情報),pinkdymong
金太郎花太郎 女優情報局,KintaroHanataro
明治書店,meijishoten
東京書店狭山店,tokyobookstore
宝島２４北千住店,24kitasenju
アミューズメントマーケット プレジャ,am_pleasure
カリソマ委員長@買取りまっくす岡山南店,sikosikodesuyon
ワイルドワン新橋DVD館,wo_shinbashi
豆あき,mameaki
もえのあずき♡,moeazukitty
21世紀書房,21thsyobou
ブックパーク 横浜店,nishiyokobp24
MiS秋葉原店@閉店ｶﾞﾗｶﾞﾗ～ｱﾘｶﾞﾄｳｺﾞｻﾞｲﾏｼﾀ,MIS_AKIHABARA
かける書店,kakeru_books
BOOK SITE佐原店,bsite1
スイーツ！,dolcebot
オカリナ おかずクラブ,okarina_okazu
大久保佳代子,OOKUBONBON
信長書店,nobunaga_shop
まーたん@タカラ映像,mminfotv
グローリークエスト,gloryquest_av
じゅげむ遠石店 周南市,Jugem_Toishi
うっかりたつを,ukkari_tatuo
ブックジョイ昭和店,syouwajoy
ブックメイトのさんじ【公式】,bookmate3d
利根書店,otokonodvd
ナイトキングダム周南店,nightkingudom
Av&Sexy情報局(yell)∞,Support_AVS
ブックメイトのやっさん,yassuwan
スタリオン本城店,stallion_honjo
Copy writing,Copy__writing
OFF＆OFF池田店,offoffvidikeda
【高画質】飯テロbot(手動),meshiuma_yonaka
ネコ画像＆動画bot,catweetga
癒される生き物たち,iyasareru
高収入@顔バレNG女性専門インフィールド,infieldpro
【閲覧注意】メガ盛りめし大全ww,megamoridaizen
デカ盛り注意報（飯テロ、ランチグルメなど）★YouTube開始,dekamorityuuiho
篠崎愛,shinozakiai_226
ラムタラ大宮駅前店,lammtarra_omiya
ラムタラエピカリアキバ(秋葉原),epixis_akiba
ラムタラ立川駅前店(R-18),Lammtachi
ラムタラ高田馬場店☆オトナの秘密基地☆,lammbaba
ラムタラ八王子店★オトナの秘密基地★,Lammhachi
買取りまっくす　日本橋店,kaitorinippon
買取りまっくす梅田店,kaitoriumeda
ラムタラデジタルメディア館,LAMMTARRADM
アリババ吉祥寺店★オトナの秘密基地★,alibaba_kichi
アリババ秋葉原店,alibaba_akiba
買取販売市場ムーラン横浜西口店（２F一般）,mulan_yokohama2
【公式】買取販売市場ムーランAKIBA本店【1F】,mulanakiba
【公式】買取販売市場ムーランAKIBA本店【3F】(R-18含む）,mulanakibaR18
ラムタラ東村山アダルト,lammmura
ラムタラ渋谷店☆オトナの秘密基地☆,lamm_shibuya
ラムタラ新宿東口店18禁,lammshin_adult
ラムタラ横浜店広報,lammyoko
ラムタラ上野店(残滓),Lamm_U
ラムタラ秋葉原店,Lammtarra_akiba
ラムタラメディアワールドアキバ(秋葉原)@最強のエロDVD屋,lammtarra_media
紅葉書店(こうようしょてん),kobooks
週刊大衆,Weekly_Taishu
匠書店,takumishoten
未知書房 小田部店,MichiKotabe
恵比寿マスカッツ Blog Master,muscats_bot
神崎 紗衣,kanzakisae
南 梨央奈,mina_rio
恵比寿マスカッツ【公式】,EBISU_MUSCATS_2
臼井のリカちゃん,05rika05
川上奈々美★浅草ロック座9/1〜20,nanamikawakami
天使もえ ,amatsuka_moe
小島みなみ,kojima373
沖田杏梨 Anri Okita,AnriOkita_real
白石茉莉奈,shiraishimarina
古川いおり(こがわいおり),kogawaiori
あやみ旬果,ayami_syunnka
明日花キララ,asukakiraran
永瀬 あや,ayachi_0611
夏目花実,hanami_natsume
松岡凛,matuoka1214rin
藤原亜紀乃,akitknn
星野ナミ(Nami),hoshino_nami73
三田羽衣,mitafujin
湊 莉久,riku_minato
吉澤友貴,yuki_yoshizawa_
神咲詩織(かみさきしおり),kamisaki_shiori
ワンズファクトリー,wanz_official
ゆきほ,ayano_nana1203
FANZAニュース【公式／編集部】,FANZA_NEWS
やまねぇ★ババｧGM,yama_neesan
アイポケ・アイデアポケット【公式】,IDEAPOCKETTER
ライフプロ女性広報（トリマー）@AV女優募集中,lifepromotion
